,accuracy,precision,recall,f1,f2,specificity,npv,mcc
0,0.9673202614379085,0.975,0.9069767441860465,0.9397590361445783,0.9198113207547169,0.990909090909091,0.9646017699115044,0.9185070058708644
1,0.9673202614379085,0.975,0.9069767441860465,0.9397590361445783,0.9198113207547169,0.990909090909091,0.9646017699115044,0.9185070058708644
2,0.9673202614379085,0.975,0.9069767441860465,0.9397590361445783,0.9198113207547169,0.990909090909091,0.9646017699115044,0.9185070058708644
3,0.9673202614379085,0.975,0.9069767441860465,0.9397590361445783,0.9198113207547169,0.990909090909091,0.9646017699115044,0.9185070058708644
4,0.9575163398692811,0.974025974025974,0.872093023255814,0.9202453987730062,0.8907363420427553,0.990909090909091,0.9519650655021834,0.8939419583007376
5,0.9673202614379085,0.975,0.9069767441860465,0.9397590361445783,0.9198113207547169,0.990909090909091,0.9646017699115044,0.9185070058708644
6,0.9673202614379085,0.975,0.9069767441860465,0.9397590361445783,0.9198113207547169,0.990909090909091,0.9646017699115044,0.9185070058708644
7,0.9640522875816994,0.9746835443037974,0.8953488372093024,0.9333333333333333,0.9101654846335697,0.990909090909091,0.960352422907489,0.9103202947407317
8,0.9575163398692811,0.974025974025974,0.872093023255814,0.9202453987730062,0.8907363420427553,0.990909090909091,0.9519650655021834,0.8939419583007376
9,0.9705882352941176,0.9753086419753086,0.9186046511627907,0.9461077844311377,0.9294117647058824,0.990909090909091,0.9688888888888889,0.9266933848643396
10,0.9738562091503268,0.9875,0.9186046511627907,0.9518072289156626,0.9316037735849056,0.9954545454545455,0.9690265486725663,0.935051810662275
11,0.9705882352941176,0.9873417721518988,0.9069767441860465,0.9454545454545454,0.9219858156028369,0.9954545454545455,0.9647577092511013,0.9269327714935146
12,0.9640522875816994,0.9746835443037974,0.8953488372093024,0.9333333333333333,0.9101654846335697,0.990909090909091,0.960352422907489,0.9103202947407317
13,0.9738562091503268,0.9875,0.9186046511627907,0.9518072289156626,0.9316037735849056,0.9954545454545455,0.9690265486725663,0.935051810662275
14,0.9575163398692811,0.974025974025974,0.872093023255814,0.9202453987730062,0.8907363420427553,0.990909090909091,0.9519650655021834,0.8939419583007376
15,0.9673202614379085,0.975,0.9069767441860465,0.9397590361445783,0.9198113207547169,0.990909090909091,0.9646017699115044,0.9185070058708644
16,0.9607843137254902,0.9625,0.8953488372093024,0.927710843373494,0.9080188679245284,0.9863636363636363,0.9601769911504425,0.9019622010794538
17,0.9640522875816994,0.9746835443037974,0.8953488372093024,0.9333333333333333,0.9101654846335697,0.990909090909091,0.960352422907489,0.9103202947407317
18,0.9575163398692811,0.9866666666666667,0.8604651162790697,0.9192546583850931,0.883054892601432,0.9954545454545455,0.948051948051948,0.8944518100636111
19,0.9607843137254902,0.9743589743589743,0.8837209302325582,0.926829268292683,0.9004739336492891,0.990909090909091,0.956140350877193,0.9021322766111405
20,0.9575163398692811,0.974025974025974,0.872093023255814,0.9202453987730062,0.8907363420427553,0.990909090909091,0.9519650655021834,0.8939419583007376
21,0.9673202614379085,0.975,0.9069767441860465,0.9397590361445783,0.9198113207547169,0.990909090909091,0.9646017699115044,0.9185070058708644
22,0.9607843137254902,0.9743589743589743,0.8837209302325582,0.926829268292683,0.9004739336492891,0.990909090909091,0.956140350877193,0.9021322766111405
23,0.9607843137254902,0.9625,0.8953488372093024,0.927710843373494,0.9080188679245284,0.9863636363636363,0.9601769911504425,0.9019622010794538
24,0.9673202614379085,0.975,0.9069767441860465,0.9397590361445783,0.9198113207547169,0.990909090909091,0.9646017699115044,0.9185070058708644
25,0.9640522875816994,0.9746835443037974,0.8953488372093024,0.9333333333333333,0.9101654846335697,0.990909090909091,0.960352422907489,0.9103202947407317
26,0.9607843137254902,0.9743589743589743,0.8837209302325582,0.926829268292683,0.9004739336492891,0.990909090909091,0.956140350877193,0.9021322766111405
27,0.9673202614379085,0.975,0.9069767441860465,0.9397590361445783,0.9198113207547169,0.990909090909091,0.9646017699115044,0.9185070058708644
28,0.9705882352941176,0.9873417721518988,0.9069767441860465,0.9454545454545454,0.9219858156028369,0.9954545454545455,0.9647577092511013,0.9269327714935146
29,0.9607843137254902,0.9625,0.8953488372093024,0.927710843373494,0.9080188679245284,0.9863636363636363,0.9601769911504425,0.9019622010794538
30,0.9640522875816994,0.9746835443037974,0.8953488372093024,0.9333333333333333,0.9101654846335697,0.990909090909091,0.960352422907489,0.9103202947407317
31,0.9640522875816994,0.9629629629629629,0.9069767441860465,0.9341317365269461,0.9176470588235294,0.9863636363636363,0.9644444444444444,0.9102145276021076
32,0.9738562091503268,0.9875,0.9186046511627907,0.9518072289156626,0.9316037735849056,0.9954545454545455,0.9690265486725663,0.935051810662275
33,0.9705882352941176,0.9753086419753086,0.9186046511627907,0.9461077844311377,0.9294117647058824,0.990909090909091,0.9688888888888889,0.9266933848643396
34,0.9673202614379085,0.975,0.9069767441860465,0.9397590361445783,0.9198113207547169,0.990909090909091,0.9646017699115044,0.9185070058708644
35,0.9607843137254902,0.9743589743589743,0.8837209302325582,0.926829268292683,0.9004739336492891,0.990909090909091,0.956140350877193,0.9021322766111405
36,0.9673202614379085,0.975,0.9069767441860465,0.9397590361445783,0.9198113207547169,0.990909090909091,0.9646017699115044,0.9185070058708644
37,0.9640522875816994,0.9746835443037974,0.8953488372093024,0.9333333333333333,0.9101654846335697,0.990909090909091,0.960352422907489,0.9103202947407317
38,0.9673202614379085,0.975,0.9069767441860465,0.9397590361445783,0.9198113207547169,0.990909090909091,0.9646017699115044,0.9185070058708644
39,0.9640522875816994,0.9746835443037974,0.8953488372093024,0.9333333333333333,0.9101654846335697,0.990909090909091,0.960352422907489,0.9103202947407317
40,0.9673202614379085,0.975,0.9069767441860465,0.9397590361445783,0.9198113207547169,0.990909090909091,0.9646017699115044,0.9185070058708644
41,0.9607843137254902,0.9743589743589743,0.8837209302325582,0.926829268292683,0.9004739336492891,0.990909090909091,0.956140350877193,0.9021322766111405
42,0.9607843137254902,0.9743589743589743,0.8837209302325582,0.926829268292683,0.9004739336492891,0.990909090909091,0.956140350877193,0.9021322766111405
43,0.9575163398692811,0.974025974025974,0.872093023255814,0.9202453987730062,0.8907363420427553,0.990909090909091,0.9519650655021834,0.8939419583007376
44,0.954248366013072,0.9736842105263158,0.8604651162790697,0.9135802469135802,0.8809523809523809,0.990909090909091,0.9478260869565217,0.8857483270857343
45,0.9705882352941176,0.9753086419753086,0.9186046511627907,0.9461077844311377,0.9294117647058824,0.990909090909091,0.9688888888888889,0.9266933848643396
46,0.9607843137254902,0.9743589743589743,0.8837209302325582,0.926829268292683,0.9004739336492891,0.990909090909091,0.956140350877193,0.9021322766111405
47,0.9673202614379085,0.975,0.9069767441860465,0.9397590361445783,0.9198113207547169,0.990909090909091,0.9646017699115044,0.9185070058708644
48,0.9575163398692811,0.974025974025974,0.872093023255814,0.9202453987730062,0.8907363420427553,0.990909090909091,0.9519650655021834,0.8939419583007376
49,0.9673202614379085,0.975,0.9069767441860465,0.9397590361445783,0.9198113207547169,0.990909090909091,0.9646017699115044,0.9185070058708644
