,seed,accuracy,precision,recall,f1,f2,specificity,npv,mcc
3,0,0.961038961038961,1.0,0.8636363636363636,0.926829268292683,0.8878504672897196,1.0,0.9482758620689655,0.9049671360007385
3,1,0.961038961038961,1.0,0.8636363636363636,0.926829268292683,0.8878504672897196,1.0,0.9482758620689655,0.9049671360007385
3,2,0.961038961038961,1.0,0.8636363636363636,0.926829268292683,0.8878504672897196,1.0,0.9482758620689655,0.9049671360007385
3,3,0.961038961038961,1.0,0.8636363636363636,0.926829268292683,0.8878504672897196,1.0,0.9482758620689655,0.9049671360007385
3,4,0.961038961038961,1.0,0.8636363636363636,0.926829268292683,0.8878504672897196,1.0,0.9482758620689655,0.9049671360007385
3,5,0.961038961038961,1.0,0.8636363636363636,0.926829268292683,0.8878504672897196,1.0,0.9482758620689655,0.9049671360007385
3,6,0.961038961038961,1.0,0.8636363636363636,0.926829268292683,0.8878504672897196,1.0,0.9482758620689655,0.9049671360007385
3,7,0.961038961038961,1.0,0.8636363636363636,0.926829268292683,0.8878504672897196,1.0,0.9482758620689655,0.9049671360007385
3,8,0.961038961038961,1.0,0.8636363636363636,0.926829268292683,0.8878504672897196,1.0,0.9482758620689655,0.9049671360007385
3,9,0.961038961038961,1.0,0.8636363636363636,0.926829268292683,0.8878504672897196,1.0,0.9482758620689655,0.9049671360007385
3,10,0.961038961038961,1.0,0.8636363636363636,0.926829268292683,0.8878504672897196,1.0,0.9482758620689655,0.9049671360007385
3,11,0.961038961038961,1.0,0.8636363636363636,0.926829268292683,0.8878504672897196,1.0,0.9482758620689655,0.9049671360007385
3,12,0.961038961038961,1.0,0.8636363636363636,0.926829268292683,0.8878504672897196,1.0,0.9482758620689655,0.9049671360007385
3,13,0.961038961038961,1.0,0.8636363636363636,0.926829268292683,0.8878504672897196,1.0,0.9482758620689655,0.9049671360007385
3,14,0.961038961038961,1.0,0.8636363636363636,0.926829268292683,0.8878504672897196,1.0,0.9482758620689655,0.9049671360007385
3,15,0.961038961038961,1.0,0.8636363636363636,0.926829268292683,0.8878504672897196,1.0,0.9482758620689655,0.9049671360007385
3,16,0.961038961038961,1.0,0.8636363636363636,0.926829268292683,0.8878504672897196,1.0,0.9482758620689655,0.9049671360007385
3,17,0.961038961038961,1.0,0.8636363636363636,0.926829268292683,0.8878504672897196,1.0,0.9482758620689655,0.9049671360007385
3,18,0.961038961038961,1.0,0.8636363636363636,0.926829268292683,0.8878504672897196,1.0,0.9482758620689655,0.9049671360007385
3,19,0.961038961038961,1.0,0.8636363636363636,0.926829268292683,0.8878504672897196,1.0,0.9482758620689655,0.9049671360007385
3,20,0.961038961038961,1.0,0.8636363636363636,0.926829268292683,0.8878504672897196,1.0,0.9482758620689655,0.9049671360007385
3,21,0.961038961038961,1.0,0.8636363636363636,0.926829268292683,0.8878504672897196,1.0,0.9482758620689655,0.9049671360007385
3,22,0.961038961038961,1.0,0.8636363636363636,0.926829268292683,0.8878504672897196,1.0,0.9482758620689655,0.9049671360007385
3,23,0.961038961038961,1.0,0.8636363636363636,0.926829268292683,0.8878504672897196,1.0,0.9482758620689655,0.9049671360007385
3,24,0.961038961038961,1.0,0.8636363636363636,0.926829268292683,0.8878504672897196,1.0,0.9482758620689655,0.9049671360007385
3,25,0.961038961038961,1.0,0.8636363636363636,0.926829268292683,0.8878504672897196,1.0,0.9482758620689655,0.9049671360007385
3,26,0.961038961038961,1.0,0.8636363636363636,0.926829268292683,0.8878504672897196,1.0,0.9482758620689655,0.9049671360007385
3,27,0.961038961038961,1.0,0.8636363636363636,0.926829268292683,0.8878504672897196,1.0,0.9482758620689655,0.9049671360007385
3,28,0.961038961038961,1.0,0.8636363636363636,0.926829268292683,0.8878504672897196,1.0,0.9482758620689655,0.9049671360007385
3,29,0.961038961038961,1.0,0.8636363636363636,0.926829268292683,0.8878504672897196,1.0,0.9482758620689655,0.9049671360007385
3,30,0.961038961038961,1.0,0.8636363636363636,0.926829268292683,0.8878504672897196,1.0,0.9482758620689655,0.9049671360007385
3,31,0.961038961038961,1.0,0.8636363636363636,0.926829268292683,0.8878504672897196,1.0,0.9482758620689655,0.9049671360007385
3,32,0.961038961038961,1.0,0.8636363636363636,0.926829268292683,0.8878504672897196,1.0,0.9482758620689655,0.9049671360007385
3,33,0.961038961038961,1.0,0.8636363636363636,0.926829268292683,0.8878504672897196,1.0,0.9482758620689655,0.9049671360007385
3,34,0.961038961038961,1.0,0.8636363636363636,0.926829268292683,0.8878504672897196,1.0,0.9482758620689655,0.9049671360007385
3,35,0.961038961038961,1.0,0.8636363636363636,0.926829268292683,0.8878504672897196,1.0,0.9482758620689655,0.9049671360007385
3,36,0.961038961038961,1.0,0.8636363636363636,0.926829268292683,0.8878504672897196,1.0,0.9482758620689655,0.9049671360007385
3,37,0.961038961038961,1.0,0.8636363636363636,0.926829268292683,0.8878504672897196,1.0,0.9482758620689655,0.9049671360007385
3,38,0.961038961038961,1.0,0.8636363636363636,0.926829268292683,0.8878504672897196,1.0,0.9482758620689655,0.9049671360007385
3,39,0.961038961038961,1.0,0.8636363636363636,0.926829268292683,0.8878504672897196,1.0,0.9482758620689655,0.9049671360007385
3,40,0.961038961038961,1.0,0.8636363636363636,0.926829268292683,0.8878504672897196,1.0,0.9482758620689655,0.9049671360007385
3,41,0.961038961038961,1.0,0.8636363636363636,0.926829268292683,0.8878504672897196,1.0,0.9482758620689655,0.9049671360007385
3,42,0.961038961038961,1.0,0.8636363636363636,0.926829268292683,0.8878504672897196,1.0,0.9482758620689655,0.9049671360007385
3,43,0.961038961038961,1.0,0.8636363636363636,0.926829268292683,0.8878504672897196,1.0,0.9482758620689655,0.9049671360007385
3,44,0.961038961038961,1.0,0.8636363636363636,0.926829268292683,0.8878504672897196,1.0,0.9482758620689655,0.9049671360007385
3,45,0.961038961038961,1.0,0.8636363636363636,0.926829268292683,0.8878504672897196,1.0,0.9482758620689655,0.9049671360007385
3,46,0.961038961038961,1.0,0.8636363636363636,0.926829268292683,0.8878504672897196,1.0,0.9482758620689655,0.9049671360007385
3,47,0.961038961038961,1.0,0.8636363636363636,0.926829268292683,0.8878504672897196,1.0,0.9482758620689655,0.9049671360007385
3,48,0.961038961038961,1.0,0.8636363636363636,0.926829268292683,0.8878504672897196,1.0,0.9482758620689655,0.9049671360007385
3,49,0.961038961038961,1.0,0.8636363636363636,0.926829268292683,0.8878504672897196,1.0,0.9482758620689655,0.9049671360007385
